{
  "93935": {
    "veiID": "93935",
    "placa": "EJV1G53",
    "mot": "LUIZ CARLOS DOS SANTOS",
    "ident": "FARMA"
  },
  "93958": {
    "veiID": "93958",
    "placa": "EJV1G76",
    "mot": "ADRIANO APARECIDO NUNES DA SILVA",
    "ident": "FARMA"
  },
  "99407": {
    "veiID": "99407",
    "placa": "EJV1800",
    "mot": "DANIEL BERNARDES DE ANDRADE",
    "ident": "FARMA"
  },
  "99519": {
    "veiID": "99519",
    "placa": "EJV1686",
    "mot": "SERGIO PEDRO GALVAO SILVA",
    "ident": "SPOT"
  },
  "99630": {
    "veiID": "99630",
    "placa": "EJV1I12",
    "mot": "AFRANIO",
    "ident": "SPOT"
  },
  "101704": {
    "veiID": "101704",
    "placa": "EJV1605",
    "mot": "",
    "ident": "FARMA"
  },
  "125359": {
    "veiID": "125359",
    "placa": "EJV1971",
    "mot": "ANGELO JOSE CECONI",
    "ident": "SPOT"
  },
  "125429": {
    "veiID": "125429",
    "placa": "EJV2027",
    "mot": "JAILSON ARAUJO DA SILVA",
    "ident": "FARMA"
  },
  "125550": {
    "veiID": "125550",
    "placa": "EJV1969",
    "mot": "WAGNER DA SILVA",
    "ident": "FARMA"
  },
  "232270": {
    "veiID": "232270",
    "placa": "GJN6G80",
    "mot": "",
    "ident": "TRUCK REF"
  },
  "236061": {
    "veiID": "236061",
    "placa": "DAO7G58",
    "mot": "",
    "ident": "DISTRIBUIÇ"
  },
  "237007": {
    "veiID": "237007",
    "placa": "DAO5A13",
    "mot": "WESLEY RICARDO SANT ANA",
    "ident": "DISTRIBUIÇ"
  },
  "247319": {
    "veiID": "247319",
    "placa": "FPI2D99",
    "mot": "WESLEY DE ANDRADE ALONSO MARTINEZ ",
    "ident": "FIORINO FU"
  },
  "270998": {
    "veiID": "270998",
    "placa": "GIR3861",
    "mot": "ANGELO DE OLIVEIRA LEDO",
    "ident": "FARMA"
  },
  "272113": {
    "veiID": "272113",
    "placa": "FYY7A45",
    "mot": "RICARDO MANOEL DA CRUZ",
    "ident": "FARMA"
  },
  "313628": {
    "veiID": "313628",
    "placa": "ERA8129",
    "mot": "SIMONAL",
    "ident": "TOCO REFRI"
  },
  "368968": {
    "veiID": "368968",
    "placa": "GJB7A46",
    "mot": "SERGINHO ELETRONICA",
    "ident": "FARMA"
  },
  "369267": {
    "veiID": "369267",
    "placa": "GIB0G42",
    "mot": "DEANGELE SANTOS FAGUNDES",
    "ident": "FARMA"
  },
  "369657": {
    "veiID": "369657",
    "placa": "GIB9E68",
    "mot": "KLEBER FERNANDO MARQUES",
    "ident": "FARMA"
  },
  "373564": {
    "veiID": "373564",
    "placa": "GFO0G52",
    "mot": "IZAIAS FORTINE",
    "ident": "FARMA"
  },
  "373877": {
    "veiID": "373877",
    "placa": "GKD0D27",
    "mot": "JOSE ABENILDO DA SILVA",
    "ident": "FARMA"
  },
  "374271": {
    "veiID": "374271",
    "placa": "GBL3D06",
    "mot": "",
    "ident": "FARMA"
  },
  "470167": {
    "veiID": "470167",
    "placa": "GDX3I31",
    "mot": "DIEGO MIGUEL BEZERRA",
    "ident": "FARMA"
  },
  "470266": {
    "veiID": "470266",
    "placa": "GHG0C13",
    "mot": "LIDIO SANTANA",
    "ident": "FARMA"
  },
  "471939": {
    "veiID": "471939",
    "placa": "GIJ9C91",
    "mot": "RANDER FERNANDES DA SILVA",
    "ident": "FARMA"
  },
  "473398": {
    "veiID": "473398",
    "placa": "ETA6E83",
    "mot": "ERIK APARECIDO DOS SANTOS",
    "ident": "FARMA"
  },
  "473878": {
    "veiID": "473878",
    "placa": "FHE8139",
    "mot": "SADI FERNANDES DURAES",
    "ident": "DISTRIBUIÇ"
  },
  "474689": {
    "veiID": "474689",
    "placa": "GIF4I43",
    "mot": "LUIZ CAMILO DA SILVA",
    "ident": "DISTRIBUIÇ"
  },
  "475417": {
    "veiID": "475417",
    "placa": "DAO7G57",
    "mot": "JOSÉ BENEDITO PEDROSO",
    "ident": "DISTRIBUIÇ"
  },
  "475971": {
    "veiID": "475971",
    "placa": "DAO7701",
    "mot": "ROGERIO JOSE DE PAULA",
    "ident": "DISTRIBUIÇ"
  },
  "476025": {
    "veiID": "476025",
    "placa": "CLU4634",
    "mot": "JOSE MARIA DE OLIVEIRA",
    "ident": "DISTRIBUIÇ"
  },
  "476419": {
    "veiID": "476419",
    "placa": "DAO7693",
    "mot": "UEDERSON BENEDITO DOS SANTOS",
    "ident": "DISTRIBUIÇ"
  },
  "477048": {
    "veiID": "477048",
    "placa": "DAO7704",
    "mot": "",
    "ident": "DISTRIBUIÇ"
  },
  "477750": {
    "veiID": "477750",
    "placa": "DAO7557",
    "mot": "CARLOS BERALDO JUNIOR",
    "ident": "DISTRIBUIÇ"
  },
  "478987": {
    "veiID": "478987",
    "placa": "CLU4632",
    "mot": "CELESTINO DE SOUSA ALMEIDA",
    "ident": "DISTRIBUIÇ"
  },
  "484941": {
    "veiID": "484941",
    "placa": "GDR7F31",
    "mot": "JOÃO APARECIDO CONSTANTI",
    "ident": "DISTRIBUIÇ"
  },
  "498872": {
    "veiID": "498872",
    "placa": "SVZ3H25",
    "mot": "",
    "ident": "VAN BAU SE"
  },
  "512704": {
    "veiID": "512704",
    "placa": "STW1J87",
    "mot": "GIOVANI CLAUDINO DA SILVA",
    "ident": "FARMA"
  },
  "512788": {
    "veiID": "512788",
    "placa": "STP8B13",
    "mot": "VALDECIR JACINTHO",
    "ident": "FARMA"
  },
  "513660": {
    "veiID": "513660",
    "placa": "SUF4I35",
    "mot": "CLOVIS ANTONIO DE SOUZA",
    "ident": "FARMA"
  },
  "514349": {
    "veiID": "514349",
    "placa": "SSS5J03",
    "mot": "FABIO HENRIQUE FAJAN",
    "ident": "FARMA"
  },
  "514901": {
    "veiID": "514901",
    "placa": "SWH4J31",
    "mot": "HELIEZER DE OLIVEIRA",
    "ident": "FARMA"
  },
  "516069": {
    "veiID": "516069",
    "placa": "SUJ8D78",
    "mot": "REGINALDO BATISTA DE SOUZA",
    "ident": "TRUCK BAU"
  },
  "516640": {
    "veiID": "516640",
    "placa": "SUX2D66",
    "mot": "RODRIGO ALESSANDRO CORREDOR",
    "ident": "TRUCK BAU"
  },
  "526684": {
    "veiID": "526684",
    "placa": "SVA7E83",
    "mot": "ELIEL DE ALMEIDA ZUMBA",
    "ident": "VAN BAU SE"
  },
  "536079": {
    "veiID": "536079",
    "placa": "TMJ7B27",
    "mot": "LAERCIO ACACIO DE GODOI",
    "ident": "FARMA"
  },
  "536312": {
    "veiID": "536312",
    "placa": "TMC5F39",
    "mot": "AMARILDO DE AGUIAR SILVA",
    "ident": "FARMA"
  },
  "536576": {
    "veiID": "536576",
    "placa": "TMI5G75",
    "mot": "NELIO JULIO NETO",
    "ident": "FARMA"
  },
  "539116": {
    "veiID": "539116",
    "placa": "TMH8C40",
    "mot": "LINDOMAR CANDIDO ARAUJO",
    "ident": "FARMA"
  },
  "547535": {
    "veiID": "547535",
    "placa": "TKH6J29",
    "mot": "CLAUDIO MANOEL DA CRUZ",
    "ident": "FARMA"
  },
  "548321": {
    "veiID": "548321",
    "placa": "TKW7I73",
    "mot": "BENEDITO JOSE SERAFIM",
    "ident": "FARMA"
  },
  "548332": {
    "veiID": "548332",
    "placa": "TKD5I87",
    "mot": "GERALDO LUIZ DE CAMARGO JUNIOR",
    "ident": "FARMA"
  },
  "551549": {
    "veiID": "551549",
    "placa": "TIR2F27",
    "mot": "WESLEY DE SOUZA",
    "ident": "DISTRIBUIÇ"
  },
  "564553": {
    "veiID": "564553",
    "placa": "TKS9E17",
    "mot": "FRANCISCO EXPEDITO DE OLIVEIRA",
    "ident": "FIORINO FU"
  },
  "564824": {
    "veiID": "564824",
    "placa": "FTI4F62",
    "mot": "",
    "ident": "TRUCK REF"
  },
  "590962": {
    "veiID": "590962",
    "placa": "UFF1D23",
    "mot": "BLADMIR GUERREIRO FEITOZA",
    "ident": "FARMA"
  },
  "590994": {
    "veiID": "590994",
    "placa": "UFO4G03",
    "mot": "LUIS FERNANDO GUIMARAES",
    "ident": "FARMA"
  },
  "593351": {
    "veiID": "593351",
    "placa": "UFB7H15",
    "mot": "EDNALDO DOS SANTOS ",
    "ident": "FARMA"
  },
  "593867": {
    "veiID": "593867",
    "placa": "UFS5I00",
    "mot": "EDSON SILVA DA ROCHA",
    "ident": "FARMA"
  },
  "595115": {
    "veiID": "595115",
    "placa": "FZP3J69",
    "mot": "",
    "ident": "DISTRIBUIÇ"
  },
  "596469": {
    "veiID": "596469",
    "placa": "STX6D01",
    "mot": "VALDEÇON RODRIGUES ALVES",
    "ident": "DISTRIBUIÇ"
  },
  "596786": {
    "veiID": "596786",
    "placa": "CLU4616",
    "mot": "",
    "ident": "DISTRIBUIÇ"
  },
  "597976": {
    "veiID": "597976",
    "placa": "MWA6643",
    "mot": "RAFAEL FERNANDO POZZA",
    "ident": "DISTRIBUIÇ"
  },
  "598495": {
    "veiID": "598495",
    "placa": "DAO7559",
    "mot": "",
    "ident": "DISTRIBUIÇ"
  },
  "599704": {
    "veiID": "599704",
    "placa": "CLU4679",
    "mot": "VITOR MIGUEL FRANCO PENTEADO FERREIRA",
    "ident": "DISTRIBUIÇ"
  },
  "600123": {
    "veiID": "600123",
    "placa": "CLU4716",
    "mot": "MARCOS ROBERTO DOS SANTOS",
    "ident": "DISTRIBUIÇ"
  },
  "600362": {
    "veiID": "600362",
    "placa": "GGM0E51",
    "mot": "",
    "ident": "DISTRIBUIÇ"
  },
  "601801": {
    "veiID": "601801",
    "placa": "UFA0J45",
    "mot": "",
    "ident": "FARMA"
  },
  "607111": {
    "veiID": "607111",
    "placa": "DAO5A14",
    "mot": "JOSEMAR ALVES DE OLIVEIRA",
    "ident": "DISTRIBUIÇ"
  }
}